num_tools,average_v0,average_v4,average_v5,average_v6,average_v7,average_v8
2,0.31556731633532686,0.3993617084098659,0.22459882386492663,0.2972820851594128,0.26666934099353445,0.3157256899934367
3,0.13295775270642624,0.2081768038875172,0.06880943890732323,0.12187152422279793,0.1035977112588933,0.13279187962699973
4,0.05844233658248647,0.10475833892273541,0.02618936469585243,0.051954116160749284,0.04712916621247796,0.05810143624901936
5,0.030835498980886385,0.048770043260833264,0.016572386761674184,0.021352054998391202,0.021399193672647154,0.03123611761643845
6,0.0205995104152233,0.0274442538593482,0.0151515151515151,0.0074836295603367,0.0103950103950103,0.0214500882933416
