num_tools,average_v0,average_v4,average_v5,average_v6,average_v7,average_v8
2,0.02007634734589118,0.0628448326779549,0.043592670876457976,0.033191845025026916,0.04209164889295865,0.013926935078528251
3,0.000934437326586845,0.00802038806241407,0.00382400311049549,0.000580933015103895,0.004600880623340809,0.00028369029387039966
4,9.152356393932033e-05,0.0013081731083110198,0.0004253308372483133,3.208355043412e-05,0.00102079966927384,1.9154343370563296e-05
5,6.3781204954524e-06,0.0001680389850445,0.0,0.0,0.000400641025641,0.0
6,0.0,,0.0,0.0,,0.0
