num_tools,average_v0,average_v4,average_v5,average_v6,average_v7,average_v8
2,0.14211531102452932,0.12950623890135177,0.09098201240519899,0.10847404680397335,0.11418702644517272,0.1493559303573224
3,0.02828973031081406,0.028173292464575485,0.013018805598291622,0.01641195299719262,0.01941384909949053,0.030149332966365218
4,0.005886805446500739,0.0028998293252251325,0.00138511390921612,0.0032818100354031396,0.00196390212432296,0.00698487580613804
5,0.000207266159358,0.0,0.0,0.0002560163850486,0.0,0.0002570033410434
